<assembly
    xmlns="http://maven.apache.org/plugins/maven-assembly-plugin/assembly/1.1.2"
    xmlns:xsi="http://www.w3.org/2001/XMLSchema-instance"
          xsi:schemaLocation="http://maven.apache.org/plugins/maven-assembly-plugin/assembly/1.1.2 http://maven.apache.org/xsd/assembly-1.1.2.xsd">
    <id>theme</id>
    <formats>
        <format>jar</format>
    </formats>
    <includeBaseDirectory>false</includeBaseDirectory>
    <fileSets>
        <fileSet>
            <directory>${basedir}/src/main/webapp/resources/primefaces-babylon-amber-accent</directory>
            <outputDirectory>/META-INF/resources/primefaces-babylon-amber-accent</outputDirectory>
        </fileSet>
        <fileSet>
            <directory>${basedir}/src/main/webapp/resources/primefaces-babylon-amber-light</directory>
            <outputDirectory>/META-INF/resources/primefaces-babylon-amber-light</outputDirectory>
        </fileSet>
        <fileSet>
            <directory>${basedir}/src/main/webapp/resources/primefaces-babylon-amber-dark</directory>
            <outputDirectory>/META-INF/resources/primefaces-babylon-amber-dark</outputDirectory>
        </fileSet>
        <fileSet>
            <directory>${basedir}/src/main/webapp/resources/primefaces-babylon-bluegrey-accent</directory>
            <outputDirectory>/META-INF/resources/primefaces-babylon-bluegrey-accent</outputDirectory>
        </fileSet>
        <fileSet>
            <directory>${basedir}/src/main/webapp/resources/primefaces-babylon-bluegrey-light</directory>
            <outputDirectory>/META-INF/resources/primefaces-babylon-ambluegreyber-light</outputDirectory>
        </fileSet>
        <fileSet>
            <directory>${basedir}/src/main/webapp/resources/primefaces-babylon-bluegrey-dark</directory>
            <outputDirectory>/META-INF/resources/primefaces-babylon-bluegrey-dark</outputDirectory>
        </fileSet>
        <fileSet>
            <directory>${basedir}/src/main/webapp/resources/primefaces-babylon-blue-accent</directory>
            <outputDirectory>/META-INF/resources/primefaces-babylon-blue-accent</outputDirectory>
        </fileSet>
        <fileSet>
            <directory>${basedir}/src/main/webapp/resources/primefaces-babylon-blue-light</directory>
            <outputDirectory>/META-INF/resources/primefaces-babylon-blue-light</outputDirectory>
        </fileSet>
        <fileSet>
            <directory>${basedir}/src/main/webapp/resources/primefaces-babylon-blue-dark</directory>
            <outputDirectory>/META-INF/resources/primefaces-babylon-blue-dark</outputDirectory>
        </fileSet>
        <fileSet>
            <directory>${basedir}/src/main/webapp/resources/primefaces-babylon-brown-accent</directory>
            <outputDirectory>/META-INF/resources/primefaces-babylon-brown-accent</outputDirectory>
        </fileSet>
        <fileSet>
            <directory>${basedir}/src/main/webapp/resources/primefaces-babylon-brown-light</directory>
            <outputDirectory>/META-INF/resources/primefaces-babylon-brown-light</outputDirectory>
        </fileSet>
        <fileSet>
            <directory>${basedir}/src/main/webapp/resources/primefaces-babylon-brown-dark</directory>
            <outputDirectory>/META-INF/resources/primefaces-babylon-brown-dark</outputDirectory>
        </fileSet>
        <fileSet>
            <directory>${basedir}/src/main/webapp/resources/primefaces-babylon-cyan-accent</directory>
            <outputDirectory>/META-INF/resources/primefaces-babylon-cyan-accent</outputDirectory>
        </fileSet>
        <fileSet>
            <directory>${basedir}/src/main/webapp/resources/primefaces-babylon-cyan-light</directory>
            <outputDirectory>/META-INF/resources/primefaces-babylon-cyan-light</outputDirectory>
        </fileSet>
        <fileSet>
            <directory>${basedir}/src/main/webapp/resources/primefaces-babylon-cyan-dark</directory>
            <outputDirectory>/META-INF/resources/primefaces-babylon-cyan-dark</outputDirectory>
        </fileSet>
        <fileSet>
            <directory>${basedir}/src/main/webapp/resources/primefaces-babylon-deeporange-accent</directory>
            <outputDirectory>/META-INF/resources/primefaces-babylon-deeporange-accent</outputDirectory>
        </fileSet>
        <fileSet>
            <directory>${basedir}/src/main/webapp/resources/primefaces-babylon-deeporange-light</directory>
            <outputDirectory>/META-INF/resources/primefaces-babylon-deeporange-light</outputDirectory>
        </fileSet>
        <fileSet>
            <directory>${basedir}/src/main/webapp/resources/primefaces-babylon-deeporange-dark</directory>
            <outputDirectory>/META-INF/resources/primefaces-babylon-deeporange-dark</outputDirectory>
        </fileSet>
        <fileSet>
            <directory>${basedir}/src/main/webapp/resources/primefaces-babylon-deeppurple-accent</directory>
            <outputDirectory>/META-INF/resources/primefaces-babylon-deeppurple-accent</outputDirectory>
        </fileSet>
        <fileSet>
            <directory>${basedir}/src/main/webapp/resources/primefaces-babylon-deeppurple-light</directory>
            <outputDirectory>/META-INF/resources/primefaces-babylon-deeppurple-light</outputDirectory>
        </fileSet>
        <fileSet>
            <directory>${basedir}/src/main/webapp/resources/primefaces-babylon-deeppurple-dark</directory>
            <outputDirectory>/META-INF/resources/primefaces-babylon-deeppurple-dark</outputDirectory>
        </fileSet>
        <fileSet>
            <directory>${basedir}/src/main/webapp/resources/primefaces-babylon-green-accent</directory>
            <outputDirectory>/META-INF/resources/primefaces-babylon-green-accent</outputDirectory>
        </fileSet>
        <fileSet>
            <directory>${basedir}/src/main/webapp/resources/primefaces-babylon-green-light</directory>
            <outputDirectory>/META-INF/resources/primefaces-babylon-green-light</outputDirectory>
        </fileSet>
        <fileSet>
            <directory>${basedir}/src/main/webapp/resources/primefaces-babylon-green-dark</directory>
            <outputDirectory>/META-INF/resources/primefaces-babylon-green-dark</outputDirectory>
        </fileSet>
        <fileSet>
            <directory>${basedir}/src/main/webapp/resources/primefaces-babylon-indigo-accent</directory>
            <outputDirectory>/META-INF/resources/primefaces-babylon-indigo-accent</outputDirectory>
        </fileSet>
        <fileSet>
            <directory>${basedir}/src/main/webapp/resources/primefaces-babylon-indigo-light</directory>
            <outputDirectory>/META-INF/resources/primefaces-babylon-indigo-light</outputDirectory>
        </fileSet>
        <fileSet>
            <directory>${basedir}/src/main/webapp/resources/primefaces-babylon-indigo-dark</directory>
            <outputDirectory>/META-INF/resources/primefaces-babylon-indigo-dark</outputDirectory>
        </fileSet>
        <fileSet>
            <directory>${basedir}/src/main/webapp/resources/primefaces-babylon-lightblue-accent</directory>
            <outputDirectory>/META-INF/resources/primefaces-babylon-lightblue-accent</outputDirectory>
        </fileSet>
        <fileSet>
            <directory>${basedir}/src/main/webapp/resources/primefaces-babylon-lightblue-light</directory>
            <outputDirectory>/META-INF/resources/primefaces-babylon-lightblue-light</outputDirectory>
        </fileSet>
        <fileSet>
            <directory>${basedir}/src/main/webapp/resources/primefaces-babylon-lightblue-dark</directory>
            <outputDirectory>/META-INF/resources/primefaces-babylon-lightblue-dark</outputDirectory>
        </fileSet>
        <fileSet>
            <directory>${basedir}/src/main/webapp/resources/primefaces-babylon-lightgreen-accent</directory>
            <outputDirectory>/META-INF/resources/primefaces-babylon-lightgreen-accent</outputDirectory>
        </fileSet>
        <fileSet>
            <directory>${basedir}/src/main/webapp/resources/primefaces-babylon-lightgreen-light</directory>
            <outputDirectory>/META-INF/resources/primefaces-babylon-lightgreen-light</outputDirectory>
        </fileSet>
        <fileSet>
            <directory>${basedir}/src/main/webapp/resources/primefaces-babylon-lightgreen-dark</directory>
            <outputDirectory>/META-INF/resources/primefaces-babylon-lightgreen-dark</outputDirectory>
        </fileSet>
        <fileSet>
            <directory>${basedir}/src/main/webapp/resources/primefaces-babylon-lime-accent</directory>
            <outputDirectory>/META-INF/resources/primefaces-babylon-lime-accent</outputDirectory>
        </fileSet>
        <fileSet>
            <directory>${basedir}/src/main/webapp/resources/primefaces-babylon-lime-light</directory>
            <outputDirectory>/META-INF/resources/primefaces-babylon-lime-light</outputDirectory>
        </fileSet>
        <fileSet>
            <directory>${basedir}/src/main/webapp/resources/primefaces-babylon-lime-dark</directory>
            <outputDirectory>/META-INF/resources/primefaces-babylon-lime-dark</outputDirectory>
        </fileSet>
        <fileSet>
            <directory>${basedir}/src/main/webapp/resources/primefaces-babylon-orange-accent</directory>
            <outputDirectory>/META-INF/resources/primefaces-babylon-orange-accent</outputDirectory>
        </fileSet>
        <fileSet>
            <directory>${basedir}/src/main/webapp/resources/primefaces-babylon-orange-light</directory>
            <outputDirectory>/META-INF/resources/primefaces-babylon-orange-light</outputDirectory>
        </fileSet>
        <fileSet>
            <directory>${basedir}/src/main/webapp/resources/primefaces-babylon-orange-dark</directory>
            <outputDirectory>/META-INF/resources/primefaces-babylon-orange-dark</outputDirectory>
        </fileSet>
        <fileSet>
            <directory>${basedir}/src/main/webapp/resources/primefaces-babylon-pink-accent</directory>
            <outputDirectory>/META-INF/resources/primefaces-babylon-pink-accent</outputDirectory>
        </fileSet>
        <fileSet>
            <directory>${basedir}/src/main/webapp/resources/primefaces-babylon-pink-light</directory>
            <outputDirectory>/META-INF/resources/primefaces-babylon-pink-light</outputDirectory>
        </fileSet>
        <fileSet>
            <directory>${basedir}/src/main/webapp/resources/primefaces-babylon-pink-dark</directory>
            <outputDirectory>/META-INF/resources/primefaces-babylon-pink-dark</outputDirectory>
        </fileSet>
        <fileSet>
            <directory>${basedir}/src/main/webapp/resources/primefaces-babylon-purple-accent</directory>
            <outputDirectory>/META-INF/resources/primefaces-babylon-purple-accent</outputDirectory>
        </fileSet>
        <fileSet>
            <directory>${basedir}/src/main/webapp/resources/primefaces-babylon-purple-light</directory>
            <outputDirectory>/META-INF/resources/primefaces-babylon-purple-light</outputDirectory>
        </fileSet>
        <fileSet>
            <directory>${basedir}/src/main/webapp/resources/primefaces-babylon-purple-dark</directory>
            <outputDirectory>/META-INF/resources/primefaces-babylon-purple-dark</outputDirectory>
        </fileSet>
        <fileSet>
            <directory>${basedir}/src/main/webapp/resources/primefaces-babylon-teal-accent</directory>
            <outputDirectory>/META-INF/resources/primefaces-babylon-teal-accent</outputDirectory>
        </fileSet>
        <fileSet>
            <directory>${basedir}/src/main/webapp/resources/primefaces-babylon-teal-light</directory>
            <outputDirectory>/META-INF/resources/primefaces-babylon-teal-light</outputDirectory>
        </fileSet>
        <fileSet>
            <directory>${basedir}/src/main/webapp/resources/primefaces-babylon-teal-dark</directory>
            <outputDirectory>/META-INF/resources/primefaces-babylon-teal-dark</outputDirectory>
        </fileSet>
        <fileSet>
            <directory>${basedir}/src/main/webapp/resources/primefaces-babylon-yellow-accent</directory>
            <outputDirectory>/META-INF/resources/primefaces-babylon-yellow-accent</outputDirectory>
        </fileSet>
        <fileSet>
            <directory>${basedir}/src/main/webapp/resources/primefaces-babylon-yellow-light</directory>
            <outputDirectory>/META-INF/resources/primefaces-babylon-yellow-light</outputDirectory>
        </fileSet>
        <fileSet>
            <directory>${basedir}/src/main/webapp/resources/primefaces-babylon-yellow-dark</directory>
            <outputDirectory>/META-INF/resources/primefaces-babylon-yellow-dark</outputDirectory>
        </fileSet>
        <fileSet>
            <directory>${basedir}/src/main/webapp/WEB-INF</directory>
            <outputDirectory>/META-INF/</outputDirectory>
            <includes>
                <include>faces-config.xml</include>
                <include>primefaces-babylon.taglib.xml</include>
            </includes>
        </fileSet>
        <fileSet>
            <directory>${basedir}/target/classes</directory>
            <outputDirectory>/</outputDirectory>
            <includes>
                <include>org/primefaces/babylon/component/*</include>
            </includes>
        </fileSet>
    </fileSets>
</assembly>